{
  "ssantamaria94": 86.1663186069856,
  "github-classroom[bot]": 86.1663186069856,
  "OscarMaganCanas": 99.57307608647338,
  "Josue07-maker": 99.57307608647338
}
