{
  "ssantamaria94": 86.1663186069856,
  "github-classroom[bot]": 86.1663186069856
}
